-- phpMyAdmin SQL Dump
-- version 5.2.0
-- https://www.phpmyadmin.net/
--
-- Servidor: localhost:3306
-- Tiempo de generación: 25-05-2024 a las 18:52:16
-- Versión del servidor: 10.4.25-MariaDB
-- Versión de PHP: 8.1.10

SET SQL_MODE = "NO_AUTO_VALUE_ON_ZERO";
START TRANSACTION;
SET time_zone = "+00:00";


/*!40101 SET @OLD_CHARACTER_SET_CLIENT=@@CHARACTER_SET_CLIENT */;
/*!40101 SET @OLD_CHARACTER_SET_RESULTS=@@CHARACTER_SET_RESULTS */;
/*!40101 SET @OLD_COLLATION_CONNECTION=@@COLLATION_CONNECTION */;
/*!40101 SET NAMES utf8mb4 */;

--
-- Base de datos: `sis_farmacia`
--

-- --------------------------------------------------------

--
-- Estructura de tabla para la tabla `cliente`
--

CREATE TABLE `cliente` (
  `idcliente` int(11) NOT NULL,
  `nombre` varchar(100) COLLATE utf8_spanish_ci NOT NULL,
  `telefono` varchar(15) COLLATE utf8_spanish_ci NOT NULL,
  `direccion` varchar(200) COLLATE utf8_spanish_ci NOT NULL,
  `identificacion` varchar(20) COLLATE utf8_spanish_ci DEFAULT NULL
) ENGINE=InnoDB DEFAULT CHARSET=utf8 COLLATE=utf8_spanish_ci;

--
-- Volcado de datos para la tabla `cliente`
--

INSERT INTO `cliente` (`idcliente`, `nombre`, `telefono`, `direccion`, `identificacion`) VALUES
(3, 'prueba', '123456789', 'acasfddas 222 33', 'asdasd'),
(5, 'cliente prueba', '3150000000', 'carrera 1 avenida1', '123456789'),
(6, 'cliente nuevo', '3150010102', 'CUALQUIERA', '1151956678');

-- --------------------------------------------------------

--
-- Estructura de tabla para la tabla `configuracion`
--

CREATE TABLE `configuracion` (
  `id` int(11) NOT NULL,
  `nombre` varchar(100) COLLATE utf8_spanish_ci NOT NULL,
  `telefono` varchar(15) COLLATE utf8_spanish_ci NOT NULL,
  `email` varchar(100) COLLATE utf8_spanish_ci NOT NULL,
  `direccion` text COLLATE utf8_spanish_ci NOT NULL,
  `nit` varchar(20) COLLATE utf8_spanish_ci NOT NULL,
  `resolucion` varchar(300) COLLATE utf8_spanish_ci NOT NULL,
  `prefijo` varchar(55) COLLATE utf8_spanish_ci NOT NULL,
  `numeroresolucion` varchar(20) COLLATE utf8_spanish_ci NOT NULL
) ENGINE=InnoDB DEFAULT CHARSET=utf8 COLLATE=utf8_spanish_ci;

--
-- Volcado de datos para la tabla `configuracion`
--

INSERT INTO `configuracion` (`id`, `nombre`, `telefono`, `email`, `direccion`, `nit`, `resolucion`, `prefijo`, `numeroresolucion`) VALUES
(1, 'Inventario', '3157410563', 'juan019.gmz@gmail.com', 'Avenida Cauqluiera', '0001123456-1', 'MUCHAS GRACIAS POR SU COMPRA', 'HORARIOS DE ATENCION DE 8 A 6', '1');

-- --------------------------------------------------------

--
-- Estructura de tabla para la tabla `detalle_permisos`
--

CREATE TABLE `detalle_permisos` (
  `id` int(11) NOT NULL,
  `id_permiso` int(11) NOT NULL,
  `id_usuario` int(11) NOT NULL
) ENGINE=InnoDB DEFAULT CHARSET=utf8mb4;

-- --------------------------------------------------------

--
-- Estructura de tabla para la tabla `detalle_temp`
--

CREATE TABLE `detalle_temp` (
  `id` int(11) NOT NULL,
  `id_usuario` int(11) NOT NULL,
  `id_producto` int(11) NOT NULL,
  `cantidad` int(11) NOT NULL,
  `descuento` decimal(10,2) NOT NULL DEFAULT 0.00,
  `precio_venta` decimal(10,2) NOT NULL,
  `total` decimal(10,2) NOT NULL
) ENGINE=InnoDB DEFAULT CHARSET=utf8 COLLATE=utf8_spanish_ci;

-- --------------------------------------------------------

--
-- Estructura de tabla para la tabla `detalle_venta`
--

CREATE TABLE `detalle_venta` (
  `id` int(11) NOT NULL,
  `id_producto` int(11) NOT NULL,
  `id_venta` int(11) NOT NULL,
  `cantidad` int(11) NOT NULL,
  `descuento` decimal(10,2) NOT NULL DEFAULT 0.00,
  `precio` decimal(10,2) NOT NULL,
  `total` decimal(10,2) NOT NULL DEFAULT 0.00
) ENGINE=InnoDB DEFAULT CHARSET=utf8mb4;

--
-- Volcado de datos para la tabla `detalle_venta`
--

INSERT INTO `detalle_venta` (`id`, `id_producto`, `id_venta`, `cantidad`, `descuento`, `precio`, `total`) VALUES
(5, 4, 5, 2, '0.00', '10000.00', '20000.00'),
(6, 1, 6, 2, '0.00', '100000.00', '200000.00'),
(7, 1, 7, 1, '0.00', '100000.00', '100000.00'),
(8, 4, 7, 1, '0.00', '10000.00', '10000.00'),
(9, 5, 8, 1, '0.00', '50000.00', '50000.00'),
(10, 6, 9, 1, '0.00', '50000.00', '50000.00'),
(11, 6, 10, 1, '0.00', '50000.00', '50000.00');

-- --------------------------------------------------------

--
-- Estructura de tabla para la tabla `laboratorios`
--

CREATE TABLE `laboratorios` (
  `id` int(11) NOT NULL,
  `laboratorio` varchar(100) NOT NULL,
  `direccion` varchar(50) NOT NULL
) ENGINE=InnoDB DEFAULT CHARSET=utf8mb4;

--
-- Volcado de datos para la tabla `laboratorios`
--

INSERT INTO `laboratorios` (`id`, `laboratorio`, `direccion`) VALUES
(1, 'Abbvie', 'Carrera 42a 5 a 85'),
(2, 'ADIDDAS', 'CARRERA 1'),
(3, 'PROVEEDOR PEPITO', 'CARRETA 2');

-- --------------------------------------------------------

--
-- Estructura de tabla para la tabla `permisos`
--

CREATE TABLE `permisos` (
  `id` int(11) NOT NULL,
  `nombre` varchar(30) NOT NULL
) ENGINE=InnoDB DEFAULT CHARSET=utf8mb4;

--
-- Volcado de datos para la tabla `permisos`
--

INSERT INTO `permisos` (`id`, `nombre`) VALUES
(1, 'configuración'),
(2, 'usuarios'),
(3, 'clientes'),
(4, 'productos'),
(5, 'ventas'),
(6, 'nueva_venta'),
(7, 'tipos'),
(8, 'presentacion'),
(9, 'laboratorios');

-- --------------------------------------------------------

--
-- Estructura de tabla para la tabla `presentacion`
--

CREATE TABLE `presentacion` (
  `id` int(11) NOT NULL,
  `nombre` varchar(100) NOT NULL,
  `nombre_corto` varchar(10) NOT NULL
) ENGINE=InnoDB DEFAULT CHARSET=utf8mb4;

--
-- Volcado de datos para la tabla `presentacion`
--

INSERT INTO `presentacion` (`id`, `nombre`, `nombre_corto`) VALUES
(1, 'Unidad', 'UND'),
(2, 'Jeringa', 'Ampolla');

-- --------------------------------------------------------

--
-- Estructura de tabla para la tabla `producto`
--

CREATE TABLE `producto` (
  `codproducto` int(11) NOT NULL,
  `codigo` varchar(20) COLLATE utf8_spanish_ci NOT NULL,
  `descripcion` varchar(200) COLLATE utf8_spanish_ci NOT NULL,
  `precio` decimal(10,2) NOT NULL,
  `existencia` int(11) NOT NULL,
  `id_lab` int(11) NOT NULL,
  `id_presentacion` int(11) NOT NULL,
  `id_tipo` int(11) NOT NULL,
  `vencimiento` varchar(20) COLLATE utf8_spanish_ci NOT NULL,
  `fecha_ingreso` varchar(20) COLLATE utf8_spanish_ci NOT NULL
) ENGINE=InnoDB DEFAULT CHARSET=utf8 COLLATE=utf8_spanish_ci;

--
-- Volcado de datos para la tabla `producto`
--

INSERT INTO `producto` (`codproducto`, `codigo`, `descripcion`, `precio`, `existencia`, `id_lab`, `id_presentacion`, `id_tipo`, `vencimiento`, `fecha_ingreso`) VALUES
(1, '001', 'Botox', '100000.00', 5, 1, 1, 1, '2024-04-19', '2024-04-09'),
(2, '002', 'Acido Hialuronico', '10.00', 97, 1, 2, 1, '2024-04-09', '2024-04-08'),
(4, '003', 'producto prueba', '10000.00', 7, 1, 1, 2, '2025-05-22', '2024-05-23'),
(5, '004', 'ZAPATOS ETC', '50000.00', 9, 3, 1, 2, '', '2024-05-23'),
(6, '100', 'croks', '50000.00', 59, 3, 1, 1, '', '');

-- --------------------------------------------------------

--
-- Estructura de tabla para la tabla `tipos`
--

CREATE TABLE `tipos` (
  `id` int(11) NOT NULL,
  `tipo` varchar(50) NOT NULL
) ENGINE=InnoDB DEFAULT CHARSET=utf8mb4;

--
-- Volcado de datos para la tabla `tipos`
--

INSERT INTO `tipos` (`id`, `tipo`) VALUES
(1, 'Medicamentos'),
(2, 'Insumos');

-- --------------------------------------------------------

--
-- Estructura de tabla para la tabla `usuario`
--

CREATE TABLE `usuario` (
  `idusuario` int(11) NOT NULL,
  `nombre` varchar(100) COLLATE utf8_spanish_ci NOT NULL,
  `correo` varchar(100) COLLATE utf8_spanish_ci NOT NULL,
  `usuario` varchar(20) COLLATE utf8_spanish_ci NOT NULL,
  `clave` varchar(50) COLLATE utf8_spanish_ci NOT NULL
) ENGINE=InnoDB DEFAULT CHARSET=utf8 COLLATE=utf8_spanish_ci;

--
-- Volcado de datos para la tabla `usuario`
--

INSERT INTO `usuario` (`idusuario`, `nombre`, `correo`, `usuario`, `clave`) VALUES
(1, 'Sistemas', 'sistemass@gmail.com', 'admin', '21232f297a57a5a743894a0e4a801fc3');

-- --------------------------------------------------------

--
-- Estructura de tabla para la tabla `ventas`
--

CREATE TABLE `ventas` (
  `id` int(11) NOT NULL,
  `id_cliente` int(11) NOT NULL,
  `total` decimal(10,2) NOT NULL,
  `id_usuario` int(11) NOT NULL,
  `fecha` timestamp NOT NULL DEFAULT current_timestamp() ON UPDATE current_timestamp()
) ENGINE=InnoDB DEFAULT CHARSET=utf8mb4;

--
-- Volcado de datos para la tabla `ventas`
--

INSERT INTO `ventas` (`id`, `id_cliente`, `total`, `id_usuario`, `fecha`) VALUES
(5, 5, '20000.00', 1, '2024-05-23 19:56:36'),
(6, 3, '200000.00', 1, '2024-05-23 22:04:50'),
(7, 6, '110000.00', 1, '2024-05-23 22:07:19'),
(8, 6, '50000.00', 1, '2024-05-23 22:45:37'),
(9, 6, '50000.00', 1, '2024-05-25 15:31:23'),
(10, 6, '50000.00', 1, '2024-05-25 15:53:18');

--
-- Índices para tablas volcadas
--

--
-- Indices de la tabla `cliente`
--
ALTER TABLE `cliente`
  ADD PRIMARY KEY (`idcliente`);

--
-- Indices de la tabla `configuracion`
--
ALTER TABLE `configuracion`
  ADD PRIMARY KEY (`id`);

--
-- Indices de la tabla `detalle_permisos`
--
ALTER TABLE `detalle_permisos`
  ADD PRIMARY KEY (`id`),
  ADD KEY `id_permiso` (`id_permiso`),
  ADD KEY `id_usuario` (`id_usuario`);

--
-- Indices de la tabla `detalle_temp`
--
ALTER TABLE `detalle_temp`
  ADD PRIMARY KEY (`id`),
  ADD KEY `id_usuario` (`id_usuario`),
  ADD KEY `id_producto` (`id_producto`);

--
-- Indices de la tabla `detalle_venta`
--
ALTER TABLE `detalle_venta`
  ADD PRIMARY KEY (`id`),
  ADD KEY `id_producto` (`id_producto`),
  ADD KEY `id_venta` (`id_venta`);

--
-- Indices de la tabla `laboratorios`
--
ALTER TABLE `laboratorios`
  ADD PRIMARY KEY (`id`);

--
-- Indices de la tabla `permisos`
--
ALTER TABLE `permisos`
  ADD PRIMARY KEY (`id`);

--
-- Indices de la tabla `presentacion`
--
ALTER TABLE `presentacion`
  ADD PRIMARY KEY (`id`);

--
-- Indices de la tabla `producto`
--
ALTER TABLE `producto`
  ADD PRIMARY KEY (`codproducto`);

--
-- Indices de la tabla `tipos`
--
ALTER TABLE `tipos`
  ADD PRIMARY KEY (`id`);

--
-- Indices de la tabla `usuario`
--
ALTER TABLE `usuario`
  ADD PRIMARY KEY (`idusuario`);

--
-- Indices de la tabla `ventas`
--
ALTER TABLE `ventas`
  ADD PRIMARY KEY (`id`),
  ADD KEY `id_usuario` (`id_usuario`),
  ADD KEY `id_cliente` (`id_cliente`);

--
-- AUTO_INCREMENT de las tablas volcadas
--

--
-- AUTO_INCREMENT de la tabla `cliente`
--
ALTER TABLE `cliente`
  MODIFY `idcliente` int(11) NOT NULL AUTO_INCREMENT, AUTO_INCREMENT=7;

--
-- AUTO_INCREMENT de la tabla `configuracion`
--
ALTER TABLE `configuracion`
  MODIFY `id` int(11) NOT NULL AUTO_INCREMENT, AUTO_INCREMENT=2;

--
-- AUTO_INCREMENT de la tabla `detalle_permisos`
--
ALTER TABLE `detalle_permisos`
  MODIFY `id` int(11) NOT NULL AUTO_INCREMENT, AUTO_INCREMENT=10;

--
-- AUTO_INCREMENT de la tabla `detalle_temp`
--
ALTER TABLE `detalle_temp`
  MODIFY `id` int(11) NOT NULL AUTO_INCREMENT, AUTO_INCREMENT=19;

--
-- AUTO_INCREMENT de la tabla `detalle_venta`
--
ALTER TABLE `detalle_venta`
  MODIFY `id` int(11) NOT NULL AUTO_INCREMENT, AUTO_INCREMENT=12;

--
-- AUTO_INCREMENT de la tabla `laboratorios`
--
ALTER TABLE `laboratorios`
  MODIFY `id` int(11) NOT NULL AUTO_INCREMENT, AUTO_INCREMENT=4;

--
-- AUTO_INCREMENT de la tabla `permisos`
--
ALTER TABLE `permisos`
  MODIFY `id` int(11) NOT NULL AUTO_INCREMENT, AUTO_INCREMENT=10;

--
-- AUTO_INCREMENT de la tabla `presentacion`
--
ALTER TABLE `presentacion`
  MODIFY `id` int(11) NOT NULL AUTO_INCREMENT, AUTO_INCREMENT=4;

--
-- AUTO_INCREMENT de la tabla `producto`
--
ALTER TABLE `producto`
  MODIFY `codproducto` int(11) NOT NULL AUTO_INCREMENT, AUTO_INCREMENT=7;

--
-- AUTO_INCREMENT de la tabla `tipos`
--
ALTER TABLE `tipos`
  MODIFY `id` int(11) NOT NULL AUTO_INCREMENT, AUTO_INCREMENT=4;

--
-- AUTO_INCREMENT de la tabla `usuario`
--
ALTER TABLE `usuario`
  MODIFY `idusuario` int(11) NOT NULL AUTO_INCREMENT, AUTO_INCREMENT=13;

--
-- AUTO_INCREMENT de la tabla `ventas`
--
ALTER TABLE `ventas`
  MODIFY `id` int(11) NOT NULL AUTO_INCREMENT, AUTO_INCREMENT=11;

--
-- Restricciones para tablas volcadas
--

--
-- Filtros para la tabla `detalle_permisos`
--
ALTER TABLE `detalle_permisos`
  ADD CONSTRAINT `detalle_permisos_ibfk_1` FOREIGN KEY (`id_permiso`) REFERENCES `permisos` (`id`) ON DELETE CASCADE ON UPDATE CASCADE,
  ADD CONSTRAINT `detalle_permisos_ibfk_2` FOREIGN KEY (`id_usuario`) REFERENCES `usuario` (`idusuario`) ON DELETE CASCADE ON UPDATE CASCADE;

--
-- Filtros para la tabla `detalle_temp`
--
ALTER TABLE `detalle_temp`
  ADD CONSTRAINT `detalle_temp_ibfk_1` FOREIGN KEY (`id_producto`) REFERENCES `producto` (`codproducto`) ON DELETE CASCADE ON UPDATE CASCADE,
  ADD CONSTRAINT `detalle_temp_ibfk_2` FOREIGN KEY (`id_usuario`) REFERENCES `usuario` (`idusuario`) ON DELETE CASCADE ON UPDATE CASCADE;

--
-- Filtros para la tabla `detalle_venta`
--
ALTER TABLE `detalle_venta`
  ADD CONSTRAINT `detalle_venta_ibfk_1` FOREIGN KEY (`id_producto`) REFERENCES `producto` (`codproducto`) ON DELETE CASCADE ON UPDATE CASCADE,
  ADD CONSTRAINT `detalle_venta_ibfk_2` FOREIGN KEY (`id_venta`) REFERENCES `ventas` (`id`) ON DELETE CASCADE ON UPDATE CASCADE;

--
-- Filtros para la tabla `ventas`
--
ALTER TABLE `ventas`
  ADD CONSTRAINT `ventas_ibfk_1` FOREIGN KEY (`id_cliente`) REFERENCES `cliente` (`idcliente`) ON DELETE CASCADE ON UPDATE CASCADE,
  ADD CONSTRAINT `ventas_ibfk_2` FOREIGN KEY (`id_usuario`) REFERENCES `usuario` (`idusuario`) ON DELETE CASCADE ON UPDATE CASCADE;
COMMIT;

/*!40101 SET CHARACTER_SET_CLIENT=@OLD_CHARACTER_SET_CLIENT */;
/*!40101 SET CHARACTER_SET_RESULTS=@OLD_CHARACTER_SET_RESULTS */;
/*!40101 SET COLLATION_CONNECTION=@OLD_COLLATION_CONNECTION */;
